Reception rate,Distance,Transmission,Reception
100.0,0.769219,253,253
100.0,0.78798,254,254
100.0,0.78798,255,255
100.0,0.750457,256,256
100.0,0.806741,257,257
100.0,0.769219,258,258
100.0,0.750457,259,259
100.0,0.806741,260,260
